Denumirea instantei in clar (cu diactritice),Codul informatic al instantei (din portal),Populația,Numar de judecatori,Stoc (total volum de activitate al instantei),Dosare solutionate,Incarcatura pe schema,Incarcatura pe judecator,Indice de atacabilitate (procent atacate din solutionate),Indice de casare/desfiintare,"Durata in zile (extras din portal, ca diferenta dintre data inregistrarii dosarului si data solutionarii)",Performanta pentru gogoasa,Operativitatea relativa,Incarcatura relativa,Siguranta relativa
Curtea de Apel BUCUREŞTI,CurteadeApelBUCURESTI,3514547,170,65952,39723,883.77,987.75,44%,11%,101,51.58%,67.32%,88.96%,68.88%
Curtea de Apel Alba,CurteadeApelALBAIULIA,1158263,42,27974,21381,1787.02,1914.67,44%,11%,98,42.47%,81.89%,42.50%,69.61%
Curtea de Apel BACĂU,CurteadeApelBACAU,1086934,29,12610,9592,1112.19,1227.24,44%,11%,79,58.65%,83.94%,60.00%,74.65%
Curtea de Apel BRAŞOV,CurteadeApelBRASOV,759394,35,13132,10574,1006.76,1064.29,44%,11%,139,41.06%,85.12%,50.59%,58.93%
Curtea de Apel CLUJ,CurteadeApelCLUJ,1680374,53,29424,20419,1515.29,1601.06,44%,11%,58,55.72%,73.32%,66.96%,80.01%
Curtea de Apel CONSTANŢA,CurteadeApelCONSTANTA,897165,33,12114,8701,923.25,1007.18,44%,11%,97,47.93%,78.36%,59.08%,69.82%
Curtea de Apel CRAIOVA,CurteadeApelCRAIOVA,1703928,90,41486,35892,1279.87,1322.53,44%,11%,79,71.60%,89.40%,72.95%,74.63%
Curtea de Apel GALAŢI,CurteadeApelGALATI,1197689,41,20816,13890,1342.16,1440.37,44%,11%,180,21.09%,71.61%,57.61%,48.30%
Curtea de Apel IAŞI,CurteadeApelIASI,1167847,36,14676,11215,1065.31,1154.08,44%,11%,67,62.78%,82.78%,65.09%,77.60%
Curtea de Apel ORADEA,CurteadeApelORADEA,919758,32,15198,13155,1238.51,1354.63,44%,11%,116,55.31%,94.67%,48.36%,64.88%
Curtea de Apel PITEŞTI,CurteadeApelPITESTI,984145,31,14796,10113,1171.44,1360.39,44%,11%,148,33.21%,79.37%,51.50%,56.45%
Curtea de Apel PLOIEŞTI,CurteadeApelPLOIESTI,1732700,52,23202,18061,1251.98,1276.06,44%,11%,103,55.91%,79.34%,74.25%,68.24%
Curtea de Apel SUCEAVA,CurteadeApelSUCEAVA,1047436,40,22152,18773,1527.64,1604.03,44%,11%,155,39.65%,88.98%,47.13%,54.72%
Curtea de Apel TÂRGU MUREŞ,CurteadeApelTARGUMURES,861713,24,15576,12099,1595.32,1861.21,44%,11%,74,47.62%,90.62%,24.68%,75.92%
Curtea de Apel TIMIŞOARA,CurteadeApelTIMISOARA,1409748,48,29998,23994,1591.04,1789.92,44%,11%,67,65.41%,89.98%,55.67%,77.66%
Tribunalul ALBA,TribunalulALBA,342376,25,19080,13921,900.23,1080.28,48%,7%,117,55.61%,87.55%,77.71%,65.71%
Tribunalul ARAD,TribunalulARAD,430629,30,20286,16394,861.19,918.6,48%,7%,80,68.71%,86.20%,84.30%,75.43%
Tribunalul ARGES,TribunalulARGES,612431,29,32481,23301,1324.88,1553.31,48%,7%,172,47.31%,84.11%,81.71%,51.20%
Tribunalul BACAU,TribunalulBACAU,616168,35,27778,15686,1181.44,1316.46,48%,7%,183,38.12%,62.92%,87.12%,48.16%
Tribunalul BIHOR,TribunalulBIHOR,575398,33,35453,15656,1351.85,1597.64,48%,7%,166,28.84%,52.19%,81.33%,52.67%
Tribunalul BISTRIŢA NĂSĂUD,TribunalulBISTRITANASAUD,286225,18,15928,9617,1004.86,1172.33,48%,7%,176,24.95%,70.44%,69.08%,49.95%
Tribunalul BOTOŞANI,TribunalulBOTOSANI,412626,24,17117,10848,1083.62,1173.92,48%,7%,169,39.66%,68.66%,82.72%,51.96%
Tribunalul BRAŞOV,TribunalulBRASOV,549217,42,25618,16789,890.98,890.98,48%,7%,158,46.39%,65.54%,88.89%,54.89%
Tribunalul BRĂILA,TribunalulBRAILA,321212,23,12107,8228,793.13,827.61,48%,7%,175,40.80%,70.92%,83.61%,50.35%
Tribunalul BUCUREŞTI,TribunalulBUCURESTI,1883425,189,143792,72755,1035.02,1232.17,48%,7%,168,48.77%,60.24%,95.96%,52.29%
Tribunalul BUZĂU,TribunalulBUZAU,451069,25,15724,11258,958.93,1035.64,48%,7%,135,54.78%,77.33%,86.06%,60.88%
Tribunalul CARAŞ SEVERIN,TribunalulCARASSEVERIN,295579,19,19300,13185,1058.09,1280.84,48%,7%,99,43.50%,82.70%,65.63%,70.56%
Tribunalul CĂLĂRAŞI,TribunalulCALARASI,306691,18,6112,5001,518.33,518.33,48%,7%,101,66.94%,81.82%,88.93%,69.84%
Tribunalul CLUJ,TribunalulCLUJ,691106,29,35960,24617,1496.03,1753.97,48%,7%,192,41.49%,80.26%,82.06%,45.80%
Tribunalul Comercial ARGEŞ,TribunalulComercialARGES,612431,8,4231,2147,495.44,557.38,48%,7%,154,44.64%,57.09%,91.36%,55.88%
Tribunalul Comercial CLUJ,TribunalulComercialCLUJ,691106,11,7224,4375,821.23,970.55,48%,7%,103,62.04%,71.57%,90.50%,69.28%
Tribunalul Comercial MUREŞ,TribunalulComercialMURES,550846,8,4867,2111,606.2,757.75,48%,7%,114,48.08%,54.22%,88.96%,66.57%
Tribunalul CONSTANŢA,TribunalulCONSTANTA,684082,50,35539,25203,972.44,1108.58,48%,7%,131,61.43%,80.84%,89.61%,62.00%
Tribunalul COVASNA,TribunalulCOVASNA,210177,14,6101,4522,585,585,48%,7%,114,49.70%,74.12%,79.27%,66.41%
Tribunalul DÂMBOVIŢA,TribunalulDAMBOVITA,518745,32,17941,12717,775.11,847.78,48%,7%,133,58.62%,77.53%,89.19%,61.47%
Tribunalul DOLJ,TribunalulDOLJ,660544,72,40065,30964,790.33,790.33,48%,7%,136,60.30%,77.28%,91.58%,60.53%
Tribunalul GALAŢI,TribunalulGALATI,536167,28,26282,16524,1009.79,1370.43,48%,7%,143,54.26%,85.33%,82.49%,58.70%
Tribunalul GIURGIU,TribunalulGIURGIU,281422,13,11618,6738,1259.72,1744.23,48%,7%,127,39.40%,80.30%,68.24%,63.05%
Tribunalul GORJ,TribunalulGORJ,341594,49,27963,21602,809.75,842.8,48%,7%,127,55.16%,80.41%,83.29%,62.88%
Tribunalul HARGHITA,TribunalulHARGHITA,310867,11,9812,7012,853.63,1241.64,48%,7%,121,57.92%,103.95%,71.31%,64.62%
Tribunalul HUNEDOARA,TribunalulHUNEDOARA,418565,28,24746,15524,1041.97,1265.25,48%,7%,157,42.41%,76.18%,78.89%,55.12%
Tribunalul IALOMIŢA,TribunalulIALOMITA,274148,18,7435,6044,670.94,670.94,48%,7%,98,62.98%,81.29%,84.93%,70.62%
Tribunalul IAŞI,TribunalulIASI,772348,52,36545,21853,1061.64,1143.31,48%,7%,136,52.02%,64.40%,90.90%,60.74%
Tribunalul ILFOV,TribunalulILFOV,388738,17,13123,6288,1349.28,1428.65,48%,7%,144,30.91%,50.73%,80.14%,58.48%
Tribunalul MARAMUREŞ,TribunalulMARAMURES,478659,25,20280,12866,985.93,1143.68,48%,7%,175,41.75%,73.59%,83.05%,50.26%
Tribunalul MEHEDINŢI,TribunalulMEHEDINTI,265390,39,23943,18509,803.49,844.69,48%,7%,89,56.21%,81.27%,76.87%,73.01%
Tribunalul MUREŞ,TribunalulMURES,550846,26,20447,11884,1107.96,1150.58,48%,7%,26,65.00%,60.36%,85.72%,89.71%
Tribunalul NEAMŢ,TribunalulNEAMT,470766,30,16736,8176,813.55,840.67,48%,7%,100,47.54%,50.48%,88.15%,70.12%
Tribunalul OLT,TribunalulOLT,436400,23,13186,10083,727.22,853.7,48%,7%,82,73.14%,89.77%,86.86%,74.86%
Tribunalul pentru minori si familie BRAŞOV,TribunalulpentruminoriSifamilieBRASOV,549217,5,1435,1145,380.33,456.4,48%,7%,90,83.63%,95.75%,94.77%,72.90%
Tribunalul PRAHOVA,TribunalulPRAHOVA,762886,31,32164,18333,1248.36,1691.32,48%,7%,54,70.47%,77.22%,86.40%,82.28%
Tribunalul SATU MARE,TribunalulSATUMARE,344360,22,20202,14282,995.3,1221.5,48%,7%,200,34.61%,86.76%,73.33%,43.56%
Tribunalul SĂLAJ,TribunalulSALAJ,224384,12,11614,8211,969.63,1292.83,48%,7%,206,20.72%,94.26%,56.87%,42.07%
Tribunalul SIBIU,TribunalulSIBIU,397322,29,24965,13879,1072.06,1146,48%,7%,120,38.86%,59.43%,78.33%,64.94%
Tribunalul SUCEAVA,TribunalulSUCEAVA,634810,35,30868,19967,1114.83,1305.94,48%,7%,59,68.31%,75.77%,86.11%,80.91%
Tribunalul TELEORMAN,TribunalulTELEORMAN,380123,19,9824,7730,677.52,748.84,48%,7%,198,48.98%,86.97%,86.40%,44.29%
Tribunalul TIMIŞ,TribunalulTIMIS,683540,43,31378,19824,1012.13,1106.28,48%,7%,192,42.32%,69.05%,89.32%,45.68%
Tribunalul TULCEA,TribunalulTULCEA,213083,13,8173,6376,775.2,894.46,48%,7%,189,35.77%,90.01%,70.50%,46.62%
Tribunalul VÂLCEA,TribunalulVALCEA,371714,33,24509,15366,1123.94,1158,48%,7%,188,30.66%,64.60%,80.02%,46.78%
Tribunalul VASLUI,TribunalulVASLUI,395499,14,9957,7396,688.36,1081.71,48%,7%,212,59.55%,116.72%,82.02%,40.60%
Tribunalul VRANCEA,TribunalulVRANCEA,340310,25,14581,11745,771.15,832.84,48%,7%,137,56.76%,86.99%,82.86%,60.25%
Judecătoria ADJUD,JudecatoriaADJUD,44270,4,4803,3733,1200.75,1200.75,13%,8%,82,28.18%,77.72%,72.88%,76.68%
Judecătoria AGNITA,JudecatoriaAGNITA,24777,2,1174,966,391.33,587,13%,8%,83,56.26%,123.43%,76.31%,76.35%
Judecătoria AIUD,JudecatoriaAIUD,65983,6,6633,4933,737,947.57,13%,8%,106,43.72%,95.62%,85.64%,70.33%
Judecătoria ALBA IULIA,JudecatoriaALBAIULIA,130980,15,12468,10098,779.25,831.2,13%,8%,59,63.56%,86.39%,93.65%,83.06%
Judecătoria ALEŞD,JudecatoriaALESD,58233,5,3304,2306,660.8,660.8,13%,8%,113,30.44%,69.79%,88.65%,68.31%
Judecătoria ALEXANDRIA,JudecatoriaALEXANDRIA,117419,8,9257,6767,771.42,1028.56,13%,8%,108,50.15%,97.47%,91.24%,69.81%
Judecătoria ARAD,JudecatoriaARAD,256771,30,23513,20241,758.48,758.48,13%,8%,46,71.41%,86.08%,97.05%,86.47%
Judecătoria AVRIG,JudecatoriaAVRIG,34220,4,1715,1429,428.75,571.67,13%,8%,68,62.42%,111.10%,83.29%,80.48%
Judecătoria BABADAG,JudecatoriaBABADAG,42882,3,1564,1296,521.33,521.33,13%,8%,79,48.42%,82.86%,87.84%,77.60%
Judecătoria BACĂU,JudecatoriaBACAU,280580,34,28080,21591,780,825.88,13%,8%,106,48.15%,81.41%,97.06%,70.11%
Judecătoria BAIA DE ARAMĂ,JudecatoriaBAIADEARAMA,15955,3,1330,968,443.33,443.33,13%,8%,107,16.23%,72.78%,72.21%,69.92%
Judecătoria BAIA MARE,JudecatoriaBAIAMARE,237968,21,20883,15607,907.96,907.96,13%,8%,84,51.43%,74.74%,96.18%,76.30%
Judecătoria BĂILEŞTI,JudecatoriaBAILESTI,65153,7,5167,3959,738.14,861.17,13%,8%,92,46.25%,89.39%,86.78%,74.01%
Judecătoria BĂLCEŞTI,JudecatoriaBALCESTI,36697,5,2785,2067,557,557,13%,8%,86,38.07%,74.22%,84.82%,75.73%
Judecătoria BALŞ,JudecatoriaBALS,47160,8,4129,3421,516.13,516.13,13%,8%,54,58.35%,82.85%,89.06%,84.41%
Judecătoria BÂRLAD,JudecatoriaBARLAD,153788,12,6845,5581,488.93,622.27,13%,8%,72,71.03%,103.77%,95.95%,79.55%
Judecătoria BECLEAN,JudecatoriaBECLEAN,57133,4,3057,2130,764.25,764.25,13%,8%,84,37.99%,69.68%,86.62%,76.06%
Judecătoria BEIUŞ,JudecatoriaBEIUS,89607,7,3182,2587,454.57,454.57,13%,8%,73,57.20%,81.30%,94.93%,79.12%
Judecătoria BICAZ,JudecatoriaBICAZ,44197,5,2741,1470,548.2,913.67,13%,8%,152,17.59%,89.38%,79.33%,57.79%
Judecătoria BISTRIŢA,JudecatoriaBISTRITA,136054,19,17162,12839,858.1,903.26,13%,8%,70,55.31%,78.75%,93.36%,80.07%
Judecătoria BLAJ,JudecatoriaBLAJ,45726,4,2336,1547,584,778.67,13%,8%,99,39.20%,88.30%,82.97%,72.18%
Judecătoria BOLINTIN VALE,JudecatoriaBOLINTINVALE,105495,8,4453,3163,556.63,742.17,13%,8%,91,56.16%,94.71%,92.96%,74.25%
Judecătoria BOTOŞANI,JudecatoriaBOTOSANI,240507,28,39411,23825,1407.54,1713.52,13%,8%,161,20.67%,73.59%,92.88%,55.34%
Judecătoria BRAD,JudecatoriaBRAD,36892,3,2732,1849,910.67,910.67,13%,8%,101,18.83%,67.68%,75.32%,71.49%
Judecătoria BRĂILA,JudecatoriaBRAILA,230468,24,27763,21943,1028.26,1322.05,13%,8%,69,68.88%,101.62%,94.26%,80.22%
Judecătoria BRAŞOV,JudecatoriaBRASOV,384014,41,49668,37323,1182.57,1342.38,13%,8%,70,62.21%,85.30%,96.50%,80.02%
Judecătoria BREZOI,JudecatoriaBREZOI,30413,6,6160,2909,880,1026.67,13%,8%,124,0.00%,55.09%,66.24%,65.43%
Judecătoria BUFTEA,JudecatoriaBUFTEA,206050,15,23622,14276,1389.53,1817.08,13%,8%,121,35.39%,79.03%,91.18%,66.09%
Judecătoria BUHUŞI,JudecatoriaBUHUSI,37213,4,1925,1502,481.25,481.25,13%,8%,105,35.93%,78.03%,87.07%,70.48%
Judecătoria BUZĂU,JudecatoriaBUZAU,250318,27,45254,32646,1616.21,2381.79,13%,8%,118,50.66%,106.31%,90.48%,67.08%
Judecătoria CALAFAT,JudecatoriaCALAFAT,65482,5,5301,4387,1060.2,1060.2,13%,8%,59,50.79%,82.76%,83.81%,82.98%
Judecătoria CĂLĂRAŞI,JudecatoriaCALARASI,145094,11,8911,7778,742.58,742.58,13%,8%,47,69.37%,87.29%,94.88%,86.21%
Judecătoria CÂMPENI,JudecatoriaCAMPENI,49391,4,2586,2002,517.2,646.5,13%,8%,70,57.83%,96.77%,86.91%,79.89%
Judecătoria CÂMPINA,JudecatoriaCAMPINA,149552,13,9033,7038,694.85,694.85,13%,8%,70,56.92%,77.91%,95.35%,79.99%
Judecătoria CĂMPULUNG,JudecatoriaCAMPULUNG,126396,12,5558,4514,463.17,555.8,13%,8%,73,66.68%,97.46%,95.60%,79.12%
Judecătoria CÂMPULUNG MOLDOVENESC,JudecatoriaCAMPULUNGMOLDOVENESC,48664,5,3629,2893,604.83,725.8,13%,8%,68,55.91%,95.66%,85.09%,80.41%
Judecătoria CARACAL,JudecatoriaCARACAL,112148,13,8180,6659,629.23,629.23,13%,8%,73,56.75%,81.41%,94.39%,79.19%
Judecătoria CARANSEBEŞ,JudecatoriaCARANSEBES,102518,8,7347,6142,918.38,1049.57,13%,8%,62,63.23%,95.54%,89.76%,82.23%
Judecătoria CAREI,JudecatoriaCAREI,85249,5,4559,3373,759.83,911.8,13%,8%,82,52.11%,88.78%,89.30%,76.73%
Judecătoria CHIŞINEU CRIŞ,JudecatoriaCHISINEUCRIS,49144,2,1890,1628,945,945,13%,8%,51,51.99%,86.14%,80.77%,85.10%
Judecătoria CLUJ-NAPOCA,JudecatoriaCLUJNAPOCA,402777,43,38580,29068,857.33,918.57,13%,8%,67,62.01%,80.73%,97.72%,80.77%
Judecătoria CONSTANŢA,JudecatoriaCONSTANTA,434815,57,50245,37571,866.29,1141.93,13%,8%,84,65.39%,98.57%,97.37%,76.10%
Judecătoria CORABIA,JudecatoriaCORABIA,74445,5,3196,2273,639.2,799,13%,8%,98,46.59%,88.90%,89.27%,72.35%
Judecătoria CORNETU,JudecatoriaCORNETU,182688,16,18040,13269,1127.5,1503.33,13%,8%,121,46.59%,98.07%,91.77%,66.29%
Judecătoria COSTEŞTI,JudecatoriaCOSTESTI,66960,5,4818,4027,803,803,13%,8%,64,54.18%,83.58%,88.01%,81.71%
Judecătoria CRAIOVA,JudecatoriaCRAIOVA,447051,54,58349,45681,1080.54,1100.92,13%,8%,65,61.87%,79.77%,97.54%,81.23%
Judecătoria CURTEA DE ARGEŞ,JudecatoriaCURTEADEARGES,92520,8,4793,3880,599.13,599.13,13%,8%,78,53.84%,80.95%,93.52%,77.82%
Judecătoria DARABANI,JudecatoriaDarabani,42521,4,3586,2810,896.5,896.5,13%,8%,135,17.02%,78.36%,78.92%,62.40%
Judecătoria DEJ,JudecatoriaDEJ,59430,6,3548,2960,591.33,591.33,13%,8%,77,51.84%,83.43%,90.05%,78.17%
Judecătoria DETA,JudecatoriaDETA,49467,4,2715,2283,678.75,678.75,13%,8%,60,53.70%,84.09%,86.28%,82.59%
Judecătoria DEVA,JudecatoriaDEVA,109135,17,15120,12309,795.79,945,13%,8%,66,64.10%,96.67%,91.34%,81.07%
Judecătoria DOROHOI,JudecatoriaDOROHOI,72085,5,5569,4639,928.17,928.17,13%,8%,89,44.53%,83.30%,87.12%,74.96%
Judecătoria DRĂGĂŞANI,JudecatoriaDRAGASANI,60782,10,5649,4161,513.55,564.9,13%,8%,104,42.03%,81.02%,90.71%,70.89%
Judecătoria DRAGOMIREŞTI,JudecatoriaDRAGOMIRESTI,31874,2,1800,1592,600,900,13%,8%,37,72.29%,132.67%,71.76%,88.95%
Judecătoria DROBETA-TURNU SEVERIN,JudecatoriaDROBETATURNUSEVERIN,136655,21,21616,17968,800.59,864.64,13%,8%,61,64.73%,89.77%,93.67%,82.52%
Judecătoria FĂGĂRAŞ,JudecatoriaFAGARAS,72406,9,7666,5682,851.78,851.78,13%,8%,78,44.30%,74.12%,88.24%,77.76%
Judecătoria FĂGET,JudecatoriaFAGET,25620,5,1323,1080,264.6,264.6,13%,8%,89,46.11%,81.63%,89.67%,74.74%
Judecătoria FĂLTICENI,JudecatoriaFALTICENI,111917,8,5797,4683,724.63,828.14,13%,8%,70,61.58%,92.32%,92.60%,79.87%
Judecătoria FĂUREI,JudecatoriaFAUREI,50965,2,2426,2049,808.67,1213,13%,8%,83,58.01%,126.69%,76.20%,76.42%
Judecătoria FETEŞTI,JudecatoriaFETESTI,75554,6,8655,6752,1081.88,1442.5,13%,8%,125,36.53%,104.02%,80.91%,65.13%
Judecătoria FILIAŞI,JudecatoriaFILIASI,38648,3,2537,2068,845.67,845.67,13%,8%,87,34.38%,81.51%,78.12%,75.45%
Judecătoria FOCŞANI,JudecatoriaFOCSANI,251215,24,21466,15194,795.04,1129.79,13%,8%,110,55.76%,100.58%,95.50%,69.25%
Judecătoria GĂEŞTI,JudecatoriaGAESTI,93118,8,6876,5442,859.5,859.5,13%,8%,107,39.88%,79.14%,90.77%,69.95%
Judecătoria GALAŢI,JudecatoriaGALATI,304837,32,38303,25060,1063.97,1473.19,13%,8%,114,48.44%,90.59%,95.17%,68.03%
Judecătoria GHEORGHENI,JudecatoriaGHEORGHENI,50356,2,2755,2172,551,688.75,13%,8%,72,57.69%,98.55%,86.32%,79.52%
Judecătoria GHERLA,JudecatoriaGHERLA,62677,10,5114,3940,511.4,511.4,13%,8%,67,53.80%,77.04%,91.84%,80.91%
Judecătoria GIURGIU,JudecatoriaGIURGIU,175927,20,25098,20611,1254.9,1568.63,13%,8%,79,62.61%,102.65%,91.08%,77.56%
Judecătoria GURA HONŢ,JudecatoriaGURAHONT,34139,2,1443,1281,481,721.5,13%,8%,59,72.69%,133.16%,78.87%,82.96%
Judecătoria GURA HUMORULUI,JudecatoriaGURAHUMORULUI,54338,6,3308,2661,551.33,551.33,13%,8%,84,47.42%,80.44%,89.85%,76.13%
Judecătoria HÂRLĂU,JudecatoriaHARLAU,78036,5,3020,2153,604,604,13%,8%,110,36.14%,71.29%,92.26%,69.07%
Judecătoria HÂRŞOVA,JudecatoriaHARSOVA,25817,2,1225,986,612.5,612.5,13%,8%,84,32.82%,80.49%,76.28%,76.24%
Judecătoria HAŢEG,JudecatoriaHATEG,33417,3,1783,1186,594.33,594.33,13%,8%,128,16.50%,66.52%,82.21%,64.23%
Judecătoria HOREZU,JudecatoriaHOREZU,70049,6,3889,2441,555.57,777.8,13%,8%,125,36.40%,87.87%,88.90%,65.07%
Judecătoria HUEDIN,JudecatoriaHUEDIN,45817,4,1769,1339,442.25,442.25,13%,8%,91,43.22%,75.69%,90.35%,74.42%
Judecătoria HUNEDOARA,JudecatoriaHUNEDOARA,82206,8,6700,5646,744.44,837.5,13%,8%,54,65.66%,94.80%,89.81%,84.42%
Judecătoria HUŞI,JudecatoriaHUSI,75220,6,2861,2309,476.83,572.2,13%,8%,74,62.43%,96.85%,92.39%,78.78%
Judecătoria IAŞI,JudecatoriaIASI,500387,55,50303,43244,914.6,1117.84,13%,8%,70,74.20%,105.07%,97.77%,79.94%
Judecătoria INEU,JudecatoriaINEU,49701,5,3672,3393,734.4,734.4,13%,8%,37,64.98%,92.40%,85.22%,88.85%
Judecătoria ÎNSURĂŢEI,JudecatoriaINSURATEI,39779,1,2043,1557,681,1021.5,13%,8%,76,51.81%,114.32%,74.32%,78.44%
Judecătoria ÎNTORSURA BUZĂULUI,JudecatoriaINTORSURABUZAULUI,18986,3,939,702,313,313,13%,8%,97,33.19%,74.76%,83.51%,72.77%
Judecătoria JIBOU,JudecatoriaJIBOU,48376,3,1706,1425,426.5,426.5,13%,8%,86,50.05%,83.53%,91.18%,75.74%
Judecătoria LEHLIU-GARA,JudecatoriaLEHLIUGARA,48979,5,2181,1718,436.2,545.25,13%,8%,66,62.41%,98.46%,88.87%,81.09%
Judecătoria LIEŞTI,JudecatoriaLIESTI,54034,3,2285,1780,761.67,761.67,13%,8%,103,35.17%,77.90%,85.90%,70.93%
Judecătoria LIPOVA,JudecatoriaLIPOVA,40874,4,2236,1740,559,559,13%,8%,72,46.33%,77.82%,86.32%,79.42%
Judecătoria LUDUŞ,JudecatoriaLUDUS,55119,4,3614,3079,903.5,903.5,13%,8%,43,57.22%,85.20%,83.61%,87.19%
Judecătoria LUGOJ,JudecatoriaLUGOJ,84187,8,4099,3170,455.44,512.38,13%,8%,78,57.64%,87.00%,93.91%,77.90%
Judecătoria MACIN,JudecatoriaMACIN,44851,3,1788,1398,596,596,13%,8%,97,38.23%,78.19%,86.71%,72.53%
Judecătoria MANGALIA,JudecatoriaMANGALIA,93038,9,6695,5217,743.89,743.89,13%,8%,76,51.35%,77.92%,92.00%,78.46%
Judecătoria MARGHITA,JudecatoriaMARGHITA,89559,6,4179,3514,696.5,835.8,13%,8%,108,51.40%,100.90%,90.67%,69.81%
Judecătoria MEDGIDIA,JudecatoriaMEDGIDIA,130412,13,12525,10728,963.46,1043.75,13%,8%,63,63.70%,92.79%,92.00%,81.86%
Judecătoria MEDIAŞ,JudecatoriaMEDIAS,103584,11,5691,4935,474.25,517.36,13%,8%,50,72.59%,94.60%,95.01%,85.52%
Judecătoria MIERCUREA CIUC,JudecatoriaMIERCUREACIUC,110871,11,9968,8210,906.18,906.18,13%,8%,75,53.83%,82.36%,91.83%,78.67%
Judecătoria MIZIL,JudecatoriaMIZIL,54259,7,2752,2081,393.14,393.14,13%,8%,103,41.60%,75.62%,92.75%,71.10%
Judecătoria MOINEŞTI,JudecatoriaMOINESTI,121762,11,9997,7761,833.08,833.08,13%,8%,88,48.13%,77.63%,93.16%,75.05%
Judecătoria MOLDOVA-NOUĂ,JudecatoriaMOLDOVANOUA,24521,1,1569,1353,523,784.5,13%,8%,53,60.97%,129.35%,68.01%,84.66%
Judecătoria MORENI,JudecatoriaMORENI,56441,6,3961,3489,660.17,660.17,13%,8%,85,49.77%,88.08%,88.30%,76.04%
Judecătoria MOTRU,JudecatoriaMOTRU,49700,8,4831,3725,603.88,603.88,13%,8%,91,41.11%,77.11%,87.85%,74.29%
Judecătoria NĂSĂUD,JudecatoriaNASAUD,93038,7,5632,3527,804.57,1126.4,13%,8%,101,43.28%,87.67%,87.89%,71.45%
Judecătoria NEGREŞTI-OAŞ,JudecatoriaNEGRESTIOAS,61062,4,2733,1717,683.25,911,13%,8%,113,34.32%,83.77%,85.08%,68.46%
Judecătoria NOVACI,JudecatoriaNOVACI,27675,3,2949,2331,589.8,983,13%,8%,100,42.36%,131.74%,64.48%,71.96%
Judecătoria ODORHEIUL SECUIESC,JudecatoriaODORHEIULSECUIESC,117555,6,3560,3082,593.33,712,13%,8%,51,75.81%,103.89%,93.94%,85.00%
Judecătoria OLTENIŢA,JudecatoriaOLTENITA,112618,8,4776,3903,597,682.29,13%,8%,82,59.79%,93.40%,93.94%,76.84%
Judecătoria ONEŞTI,JudecatoriaONESTI,141101,14,9727,7105,648.47,694.79,13%,8%,60,60.19%,78.26%,95.08%,82.66%
Judecătoria ORADEA,JudecatoriaORADEA,284697,34,33138,25572,974.65,1104.6,13%,8%,90,55.93%,87.46%,96.12%,74.46%
Judecătoria ORAŞTIE,JudecatoriaORASTIE,34970,2,1634,1343,544.67,817,13%,8%,99,51.16%,123.29%,76.64%,72.10%
Judecătoria ORAVIŢA,JudecatoriaORAVITA,51579,5,2434,1643,486.8,486.8,13%,8%,121,28.40%,67.50%,90.56%,66.04%
Judecătoria ORŞOVA,JudecatoriaORSOVA,17458,5,1777,1360,355.4,355.4,13%,8%,80,35.73%,76.53%,79.64%,77.33%
Judecătoria PANCIU,JudecatoriaPANCIU,44825,4,4977,4496,995.4,1244.25,13%,8%,46,58.93%,112.92%,72.24%,86.43%
Judecătoria PAŞCANI,JudecatoriaPASCANI,158767,11,7909,6067,659.08,719,13%,8%,110,46.37%,83.68%,95.47%,69.09%
Judecătoria PĂTĂRLAGELE,JudecatoriaPATARLAGELE,58698,4,4934,4087,986.8,1233.5,13%,8%,62,55.71%,103.54%,78.99%,82.12%
Judecătoria PETROŞANI,JudecatoriaPETROSANI,121945,14,14470,11143,803.89,1033.57,13%,8%,69,64.46%,99.01%,91.52%,80.20%
Judecătoria PIATRA-NEAMT,JudecatoriaPIATRANEAMT,183595,22,15799,11076,718.14,789.95,13%,8%,98,47.10%,77.12%,95.70%,72.28%
Judecătoria PITEŞTI,JudecatoriaPITESTI,277563,32,41554,29797,1340.45,1484.07,13%,8%,104,45.44%,79.39%,94.65%,70.89%
Judecătoria PLOIEŞTI,JudecatoriaPLOIESTI,416681,37,57999,36871,1526.29,1999.97,13%,8%,154,30.90%,83.30%,95.20%,57.27%
Judecătoria PODU TURCULUI,JudecatoriaPODUTURCULUI,35512,3,2224,1855,741.33,1112,13%,8%,90,46.76%,125.11%,68.69%,74.67%
Judecătoria POGOANELE,JudecatoriaPOGOANELE,45147,5,2517,2067,629.25,629.25,13%,8%,81,45.47%,82.12%,86.06%,77.12%
Judecătoria PUCIOASA,JudecatoriaPUCIOASA,64166,4,2763,1792,690.75,690.75,13%,8%,152,14.96%,64.86%,89.23%,57.70%
Judecătoria RĂCARI,JudecatoriaRACARI,80726,6,4044,2619,577.71,1011,13%,8%,122,49.59%,113.34%,87.48%,65.81%
Judecătoria RĂDĂUŢI,JudecatoriaRADAUTI,164993,12,8853,6460,681,737.75,13%,8%,89,51.21%,79.05%,95.53%,74.84%
Judecătoria RĂDUCĂNENI,JudecatoriaRADUCANENI,35158,5,1496,1156,299.2,299.2,13%,8%,78,49.69%,77.27%,91.49%,77.87%
Judecătoria RÂMNICU SARAT,JudecatoriaRAMNICUSARAT,96906,7,4251,3337,607.29,708.5,13%,8%,90,54.71%,91.58%,92.69%,74.69%
Judecătoria RÂMNICU VÂLCEA,JudecatoriaRAMNICUVALCEA,173773,24,16705,13918,696.04,726.3,13%,8%,78,59.70%,86.94%,95.82%,77.92%
Judecătoria REGHIN,JudecatoriaREGHIN,96968,7,4875,4108,696.43,812.5,13%,8%,63,66.19%,98.31%,91.62%,81.78%
Judecătoria REŞITA,JudecatoriaRESITA,116961,9,9361,6795,851,1040.11,13%,8%,73,57.23%,88.72%,91.11%,79.25%
Judecătoria ROMAN,JudecatoriaROMAN,153713,13,7401,5983,569.31,616.75,13%,8%,82,58.86%,87.58%,95.99%,76.84%
Judecătoria ROŞIORI DE VEDE,JudecatoriaROSIORIDEVEDE,87881,8,5530,4556,691.25,691.25,13%,8%,77,53.60%,82.39%,92.13%,78.21%
Judecătoria RUPEA,JudecatoriaRUPEA,37504,3,1969,1492,656.33,656.33,13%,8%,96,32.70%,75.77%,82.50%,72.81%
Judecătoria SALIŞTE,JudecatoriaSALISTE,26125,4,1508,1210,377,377,13%,8%,116,31.60%,80.24%,85.57%,67.40%
Judecătoria SALONTA,JudecatoriaSALONTA,53302,5,2781,1877,556.2,695.25,13%,8%,102,40.45%,84.37%,86.96%,71.44%
Judecătoria SÂNNICOLAUL MARE,JudecatoriaSANNICOLAULMARE,63834,3,2898,2029,724.5,724.5,13%,8%,67,46.28%,70.01%,88.65%,80.72%
Judecătoria SATU MARE,JudecatoriaSATUMARE,198049,20,18452,14658,838.73,922.6,13%,8%,76,60.00%,87.38%,95.34%,78.38%
Judecătoria SĂVENI,JudecatoriaSAVENI,57513,3,3938,2637,984.5,1312.67,13%,8%,140,19.17%,89.28%,77.18%,60.92%
Judecătoria SEBEŞ,JudecatoriaSEBES,50296,4,3102,2457,775.5,775.5,13%,8%,66,47.14%,79.21%,84.58%,80.96%
Judecătoria SECTORUL 1 BUCUREŞTI,JudecatoriaSECTORUL1BUCURESTI,225453,62,69810,55920,1125.97,1396.2,13%,8%,89,60.38%,99.33%,93.81%,74.88%
Judecătoria SECTORUL 2 BUCUREŞTI,JudecatoriaSECTORUL2BUCURESTI,345370,42,56978,42455,1294.95,1582.72,13%,8%,155,35.06%,91.07%,95.42%,57.05%
Judecătoria SECTORUL 3 BUCUREŞTI,JudecatoriaSECTORUL3BUCURESTI,385439,53,82655,66377,1620.69,2066.38,13%,8%,60,72.81%,102.39%,94.64%,82.67%
Judecătoria SECTORUL 4 BUCUREŞTI,JudecatoriaSECTORUL4BUCURESTI,287828,35,47479,36133,1356.54,1695.68,13%,8%,83,60.29%,95.13%,94.11%,76.35%
Judecătoria SECTORUL 5 BUCUREŞTI,JudecatoriaSECTORUL5BUCURESTI,271575,36,37292,30018,1065.49,1434.31,13%,8%,63,75.13%,108.36%,94.72%,81.88%
Judecătoria SECTORUL 6 BUCUREŞTI,JudecatoriaSECTORUL6BUCURESTI,367760,33,25874,20457,834.65,958.3,13%,8%,82,62.14%,90.78%,97.39%,76.85%
Judecătoria SEGARCEA,JudecatoriaSEGARCEA,44210,4,3595,2525,898.75,898.75,13%,8%,110,21.81%,70.24%,79.67%,69.01%
Judecătoria SFÂNTU GHEORGHE,JudecatoriaSFANTUGHEORGHE,113954,10,7848,5983,784.9,784.9,13%,8%,84,48.75%,76.24%,93.11%,76.18%
Judecătoria SIBIU,JudecatoriaSIBIU,208616,23,25432,21004,1059.67,1271.6,13%,8%,50,73.66%,99.11%,93.90%,85.38%
Judecătoria SIGHETU MARMAŢIEI,JudecatoriaSIGHETUMARMATIEI,81977,7,4483,3295,640.43,640.43,13%,8%,127,31.58%,73.50%,92.19%,64.59%
Judecătoria SIGHIŞOARA,JudecatoriaSIGHISOARA,85236,5,4216,3365,702.67,702.67,13%,8%,70,54.10%,79.81%,91.76%,80.04%
Judecătoria ŞIMLEUL SILVANIEI,JudecatoriaSIMLEULSILVANIEI,74363,3,2741,1921,685.25,913.67,13%,8%,136,34.20%,93.45%,87.71%,61.97%
Judecătoria SINAIA,JudecatoriaSINAIA,38031,4,2818,2224,563.6,704.5,13%,8%,98,43.31%,98.65%,81.48%,72.29%
Judecătoria SLATINA,JudecatoriaSLATINA,202647,18,18633,13636,846.95,931.65,13%,8%,96,49.43%,80.50%,95.40%,72.92%
Judecătoria SLOBOZIA,JudecatoriaSLOBOZIA,108160,10,8513,6342,709.42,1064.13,13%,8%,88,63.30%,111.75%,90.16%,75.01%
Judecătoria STREHAIA,JudecatoriaSTREHAIA,39516,6,3415,2679,487.86,569.17,13%,8%,74,52.15%,91.52%,85.60%,78.78%
Judecătoria SUCEAVA,JudecatoriaSUCEAVA,212402,21,17656,13024,840.76,840.76,13%,8%,77,53.13%,73.77%,96.04%,78.18%
Judecătoria TÂRGOVIŞTE,JudecatoriaTARGOVISTE,224294,21,17432,13468,792.36,792.36,13%,8%,78,55.16%,77.26%,96.47%,77.92%
Judecătoria TÂRGU BUJOR,JudecatoriaTARGUBUJOR,58454,3,3379,2825,844.75,1689.5,13%,8%,61,82.04%,167.21%,71.10%,82.44%
Judecătoria TÂRGU JIU,JudecatoriaTARGUJIU,73407,36,26444,21964,734.56,755.54,13%,8%,90,48.11%,85.43%,89.71%,74.66%
Judecătoria TÂRGU LAPUŞ,JudecatoriaTARGULAPUS,190812,3,1076,758,358.67,538,13%,8%,60,77.45%,105.67%,97.18%,82.75%
Judecătoria TÂRGU MUREŞ,JudecatoriaTARGUMURES,40418,27,23215,17212,800.52,928.6,13%,8%,90,34.33%,86.00%,77.03%,74.42%
Judecătoria TĂRGU NEAMŢ,JudecatoriaTARGUNEAMT,265563,8,5124,3842,640.5,732,13%,8%,87,57.20%,85.69%,97.24%,75.26%
Judecătoria TÂRGU SECUIESC,JudecatoriaTARGUSECUIESC,89261,4,3063,2404,765.75,1021,13%,8%,90,57.23%,104.65%,88.56%,74.62%
Judecătoria TÂRGU-CĂRBUNEŞTI,JudecatoriaTARGUCARBUNESTI,77237,9,6127,5063,612.7,612.7,13%,8%,110,42.01%,82.63%,92.07%,69.02%
Judecătoria TÂRNAVENI,JudecatoriaTARNAVENI,47960,4,2448,1847,612,612,13%,8%,85,41.69%,75.45%,87.24%,75.98%
Judecătoria TECUCI,JudecatoriaTECUCI,118842,8,6512,5447,723.56,814,13%,8%,68,63.83%,94.10%,93.15%,80.40%
Judecătoria TIMIŞOARA,JudecatoriaTIMISOARA,460432,51,46256,37142,872.75,984.17,13%,8%,63,68.78%,90.55%,97.86%,81.79%
Judecătoria TOPLIŢA,JudecatoriaTOPLITA,32085,2,2528,1954,842.67,1264,13%,8%,79,36.67%,115.94%,60.60%,77.56%
Judecătoria TOPOLOVENI,JudecatoriaTOPOLOVENI,48992,4,2948,2143,737,737,13%,8%,106,30.47%,72.69%,84.96%,70.27%
Judecătoria TULCEA,JudecatoriaTULCEA,125350,11,13127,10310,937.64,937.64,13%,8%,72,53.45%,78.54%,92.52%,79.41%
Judecătoria TURDA,JudecatoriaTURDA,120405,12,9139,7133,703,761.58,13%,8%,64,60.70%,84.55%,93.67%,81.57%
Judecătoria TURNU MĂGURELE,JudecatoriaTURNUMAGURELE,63585,8,2504,2109,313,313,13%,8%,67,61.22%,84.23%,95.08%,80.92%
Judecătoria URZICENI,JudecatoriaURZICENI,90434,8,3954,3207,494.25,659,13%,8%,74,68.92%,108.14%,92.71%,78.80%
Judecătoria VĂLENII DE MUNTE,JudecatoriaVALENIIDEMUNTE,104363,7,5144,3546,734.86,734.86,13%,8%,134,27.34%,68.93%,92.96%,62.53%
Judecătoria VÂNJU MARE,JudecatoriaVANJUMARE,55806,4,5214,3637,869,1042.8,13%,8%,112,30.45%,83.71%,81.31%,68.66%
Judecătoria VASLUI,JudecatoriaVASLUI,166491,17,11407,9084,633.72,760.47,13%,8%,72,65.79%,95.56%,95.43%,79.37%
Judecătoria VATRA DORNEI,JudecatoriaVATRADORNEI,42496,3,3313,2658,662.6,828.25,13%,8%,65,54.46%,100.29%,80.51%,81.21%
Judecătoria VIDELE,JudecatoriaVIDELE,62470,2,4550,3347,1516.67,2275,13%,8%,70,39.95%,110.34%,63.58%,79.99%
Judecătoria VIŞEU DE SUS,JudecatoriaVISEUDESUS,86422,5,3621,2786,724.2,724.2,13%,8%,81,48.42%,76.94%,91.62%,76.90%
Judecătoria ZALĂU,JudecatoriaZALAU,101645,12,8939,7299,744.92,812.64,13%,8%,82,55.05%,89.08%,92.01%,76.61%
Judecătoria ZĂRNEŞTI,JudecatoriaZARNESTI,55293,6,4066,2737,580.86,813.2,13%,8%,119,37.94%,94.24%,85.29%,66.66%
Judecătoria ZIMNICEA,JudecatoriaZIMNICEA,48768,5,4472,3488,745.33,1118,13%,8%,82,54.07%,117.00%,77.08%,76.71%
